source,chunk
01_OWASP_Top10.pdf,0
01_OWASP_Top10.pdf,1
01_OWASP_Top10.pdf,2
01_OWASP_Top10.pdf,3
01_OWASP_Top10.pdf,4
01_OWASP_Top10.pdf,5
01_OWASP_Top10.pdf,6
01_OWASP_Top10.pdf,7
01_OWASP_Top10.pdf,8
01_OWASP_Top10.pdf,9
01_OWASP_Top10.pdf,10
01_OWASP_Top10.pdf,11
01_OWASP_Top10.pdf,12
01_OWASP_Top10.pdf,13
01_OWASP_Top10.pdf,14
01_OWASP_Top10.pdf,15
01_OWASP_Top10.pdf,16
01_OWASP_Top10.pdf,17
01_OWASP_Top10.pdf,18
01_OWASP_Top10.pdf,19
01_OWASP_Top10.pdf,20
01_OWASP_Top10.pdf,21
01_OWASP_Top10.pdf,22
01_OWASP_Top10.pdf,23
01_OWASP_Top10.pdf,24
01_OWASP_Top10.pdf,25
01_OWASP_Top10.pdf,26
01_OWASP_Top10.pdf,27
01_OWASP_Top10.pdf,28
01_OWASP_Top10.pdf,29
01_OWASP_Top10.pdf,30
01_OWASP_Top10.pdf,31
01_OWASP_Top10.pdf,32
01_OWASP_Top10.pdf,33
01_OWASP_Top10.pdf,34
01_OWASP_Top10.pdf,35
01_OWASP_Top10.pdf,36
01_OWASP_Top10.pdf,37
01_OWASP_Top10.pdf,38
01_OWASP_Top10.pdf,39
01_OWASP_Top10.pdf,40
01_OWASP_Top10.pdf,41
01_OWASP_Top10.pdf,42
02_OWASP_SQLi_CheatSheet.txt,0
02_OWASP_SQLi_CheatSheet.txt,1
02_OWASP_SQLi_CheatSheet.txt,2
02_OWASP_SQLi_CheatSheet.txt,3
02_OWASP_SQLi_CheatSheet.txt,4
02_OWASP_SQLi_CheatSheet.txt,5
02_OWASP_SQLi_CheatSheet.txt,6
02_OWASP_SQLi_CheatSheet.txt,7
02_OWASP_SQLi_CheatSheet.txt,8
02_OWASP_SQLi_CheatSheet.txt,9
02_OWASP_SQLi_CheatSheet.txt,10
02_OWASP_SQLi_CheatSheet.txt,11
02_OWASP_SQLi_CheatSheet.txt,12
02_OWASP_SQLi_CheatSheet.txt,13
02_OWASP_SQLi_CheatSheet.txt,14
02_OWASP_SQLi_CheatSheet.txt,15
02_OWASP_SQLi_CheatSheet.txt,16
02_OWASP_SQLi_CheatSheet.txt,17
02_OWASP_SQLi_CheatSheet.txt,18
02_OWASP_SQLi_CheatSheet.txt,19
02_OWASP_SQLi_CheatSheet.txt,20
02_OWASP_SQLi_CheatSheet.txt,21
02_OWASP_SQLi_CheatSheet.txt,22
02_OWASP_SQLi_CheatSheet.txt,23
02_OWASP_SQLi_CheatSheet.txt,24
02_OWASP_SQLi_CheatSheet.txt,25
02_OWASP_SQLi_CheatSheet.txt,26
02_OWASP_SQLi_CheatSheet.txt,27
02_OWASP_SQLi_CheatSheet.txt,28
03_OWASP_XSS_CheatSheet.txt,0
03_OWASP_XSS_CheatSheet.txt,1
03_OWASP_XSS_CheatSheet.txt,2
03_OWASP_XSS_CheatSheet.txt,3
03_OWASP_XSS_CheatSheet.txt,4
03_OWASP_XSS_CheatSheet.txt,5
03_OWASP_XSS_CheatSheet.txt,6
03_OWASP_XSS_CheatSheet.txt,7
03_OWASP_XSS_CheatSheet.txt,8
03_OWASP_XSS_CheatSheet.txt,9
03_OWASP_XSS_CheatSheet.txt,10
03_OWASP_XSS_CheatSheet.txt,11
03_OWASP_XSS_CheatSheet.txt,12
03_OWASP_XSS_CheatSheet.txt,13
03_OWASP_XSS_CheatSheet.txt,14
03_OWASP_XSS_CheatSheet.txt,15
03_OWASP_XSS_CheatSheet.txt,16
03_OWASP_XSS_CheatSheet.txt,17
03_OWASP_XSS_CheatSheet.txt,18
03_OWASP_XSS_CheatSheet.txt,19
03_OWASP_XSS_CheatSheet.txt,20
03_OWASP_XSS_CheatSheet.txt,21
03_OWASP_XSS_CheatSheet.txt,22
03_OWASP_XSS_CheatSheet.txt,23
03_OWASP_XSS_CheatSheet.txt,24
03_OWASP_XSS_CheatSheet.txt,25
03_OWASP_XSS_CheatSheet.txt,26
03_OWASP_XSS_CheatSheet.txt,27
03_OWASP_XSS_CheatSheet.txt,28
03_OWASP_XSS_CheatSheet.txt,29
03_OWASP_XSS_CheatSheet.txt,30
03_OWASP_XSS_CheatSheet.txt,31
03_OWASP_XSS_CheatSheet.txt,32
03_OWASP_XSS_CheatSheet.txt,33
03_OWASP_XSS_CheatSheet.txt,34
03_OWASP_XSS_CheatSheet.txt,35
03_OWASP_XSS_CheatSheet.txt,36
03_OWASP_XSS_CheatSheet.txt,37
03_OWASP_XSS_CheatSheet.txt,38
03_OWASP_XSS_CheatSheet.txt,39
03_OWASP_XSS_CheatSheet.txt,40
03_OWASP_XSS_CheatSheet.txt,41
03_OWASP_XSS_CheatSheet.txt,42
04_MITRE_ATTACK_Overview1.pdf,0
04_MITRE_ATTACK_Overview1.pdf,1
04_MITRE_ATTACK_Overview1.pdf,2
04_MITRE_ATTACK_Overview1.pdf,3
04_MITRE_ATTACK_Overview1.pdf,4
04_MITRE_ATTACK_Overview1.pdf,5
04_MITRE_ATTACK_Overview1.pdf,6
04_MITRE_ATTACK_Overview1.pdf,7
04_MITRE_ATTACK_Overview1.pdf,8
04_MITRE_ATTACK_Overview1.pdf,9
04_MITRE_ATTACK_Overview1.pdf,10
04_MITRE_ATTACK_Overview1.pdf,11
04_MITRE_ATTACK_Overview1.pdf,12
04_MITRE_ATTACK_Overview1.pdf,13
04_MITRE_ATTACK_Overview1.pdf,14
04_MITRE_ATTACK_Overview1.pdf,15
04_MITRE_ATTACK_Overview1.pdf,16
04_MITRE_ATTACK_Overview1.pdf,17
04_MITRE_ATTACK_Overview1.pdf,18
04_MITRE_ATTACK_Overview1.pdf,19
04_MITRE_ATTACK_Overview1.pdf,20
04_MITRE_ATTACK_Overview1.pdf,21
04_MITRE_ATTACK_Overview1.pdf,22
04_MITRE_ATTACK_Overview1.pdf,23
04_MITRE_ATTACK_Overview1.pdf,24
04_MITRE_ATTACK_Overview1.pdf,25
04_MITRE_ATTACK_Overview1.pdf,26
04_MITRE_ATTACK_Overview1.pdf,27
04_MITRE_ATTACK_Overview1.pdf,28
04_MITRE_ATTACK_Overview1.pdf,29
04_MITRE_ATTACK_Overview1.pdf,30
04_MITRE_ATTACK_Overview1.pdf,31
04_MITRE_ATTACK_Overview1.pdf,32
04_MITRE_ATTACK_Overview1.pdf,33
04_MITRE_ATTACK_Overview1.pdf,34
04_MITRE_ATTACK_Overview1.pdf,35
04_MITRE_ATTACK_Overview1.pdf,36
04_MITRE_ATTACK_Overview1.pdf,37
04_MITRE_ATTACK_Overview1.pdf,38
04_MITRE_ATTACK_Overview1.pdf,39
04_MITRE_ATTACK_Overview1.pdf,40
04_MITRE_ATTACK_Overview1.pdf,41
04_MITRE_ATTACK_Overview1.pdf,42
04_MITRE_ATTACK_Overview1.pdf,43
04_MITRE_ATTACK_Overview1.pdf,44
04_MITRE_ATTACK_Overview1.pdf,45
04_MITRE_ATTACK_Overview1.pdf,46
04_MITRE_ATTACK_Overview1.pdf,47
04_MITRE_ATTACK_Overview1.pdf,48
04_MITRE_ATTACK_Overview1.pdf,49
04_MITRE_ATTACK_Overview1.pdf,50
04_MITRE_ATTACK_Overview1.pdf,51
04_MITRE_ATTACK_Overview1.pdf,52
04_MITRE_ATTACK_Overview1.pdf,53
04_MITRE_ATTACK_Overview1.pdf,54
04_MITRE_ATTACK_Overview1.pdf,55
04_MITRE_ATTACK_Overview1.pdf,56
04_MITRE_ATTACK_Overview1.pdf,57
04_MITRE_ATTACK_Overview1.pdf,58
04_MITRE_ATTACK_Overview1.pdf,59
04_MITRE_ATTACK_Overview1.pdf,60
04_MITRE_ATTACK_Overview1.pdf,61
04_MITRE_ATTACK_Overview1.pdf,62
04_MITRE_ATTACK_Overview1.pdf,63
04_MITRE_ATTACK_Overview1.pdf,64
04_MITRE_ATTACK_Overview1.pdf,65
04_MITRE_ATTACK_Overview1.pdf,66
04_MITRE_ATTACK_Overview1.pdf,67
04_MITRE_ATTACK_Overview1.pdf,68
04_MITRE_ATTACK_Overview1.pdf,69
04_MITRE_ATTACK_Overview1.pdf,70
04_MITRE_ATTACK_Overview1.pdf,71
04_MITRE_ATTACK_Overview1.pdf,72
04_MITRE_ATTACK_Overview1.pdf,73
04_MITRE_ATTACK_Overview1.pdf,74
04_MITRE_ATTACK_Overview1.pdf,75
04_MITRE_ATTACK_Overview1.pdf,76
04_MITRE_ATTACK_Overview1.pdf,77
04_MITRE_ATTACK_Overview1.pdf,78
04_MITRE_ATTACK_Overview1.pdf,79
04_MITRE_ATTACK_Overview1.pdf,80
04_MITRE_ATTACK_Overview1.pdf,81
04_MITRE_ATTACK_Overview1.pdf,82
04_MITRE_ATTACK_Overview1.pdf,83
04_MITRE_ATTACK_Overview1.pdf,84
04_MITRE_ATTACK_Overview1.pdf,85
04_MITRE_ATTACK_Overview1.pdf,86
04_MITRE_ATTACK_Overview1.pdf,87
04_MITRE_ATTACK_Overview1.pdf,88
04_MITRE_ATTACK_Overview1.pdf,89
04_MITRE_ATTACK_Overview1.pdf,90
04_MITRE_ATTACK_Overview1.pdf,91
04_MITRE_ATTACK_Overview1.pdf,92
04_MITRE_ATTACK_Overview1.pdf,93
04_MITRE_ATTACK_Overview1.pdf,94
04_MITRE_ATTACK_Overview1.pdf,95
04_MITRE_ATTACK_Overview1.pdf,96
04_MITRE_ATTACK_Overview1.pdf,97
04_MITRE_ATTACK_Overview1.pdf,98
04_MITRE_ATTACK_Overview1.pdf,99
04_MITRE_ATTACK_Overview1.pdf,100
04_MITRE_ATTACK_Overview1.pdf,101
04_MITRE_ATTACK_Overview1.pdf,102
04_MITRE_ATTACK_Overview1.pdf,103
04_MITRE_ATTACK_Overview1.pdf,104
04_MITRE_ATTACK_Overview1.pdf,105
04_MITRE_ATTACK_Overview1.pdf,106
04_MITRE_ATTACK_Overview1.pdf,107
04_MITRE_ATTACK_Overview1.pdf,108
04_MITRE_ATTACK_Overview1.pdf,109
04_MITRE_ATTACK_Overview1.pdf,110
04_MITRE_ATTACK_Overview1.pdf,111
04_MITRE_ATTACK_Overview1.pdf,112
04_MITRE_ATTACK_Overview1.pdf,113
04_MITRE_ATTACK_Overview1.pdf,114
04_MITRE_ATTACK_Overview1.pdf,115
04_MITRE_ATTACK_Overview1.pdf,116
04_MITRE_ATTACK_Overview1.pdf,117
04_MITRE_ATTACK_Overview1.pdf,118
04_MITRE_ATTACK_Overview1.pdf,119
04_MITRE_ATTACK_Overview1.pdf,120
04_MITRE_ATTACK_Overview1.pdf,121
04_MITRE_ATTACK_Overview1.pdf,122
04_MITRE_ATTACK_Overview1.pdf,123
04_MITRE_ATTACK_Overview1.pdf,124
04_MITRE_ATTACK_Overview1.pdf,125
04_MITRE_ATTACK_Overview1.pdf,126
04_MITRE_ATTACK_Overview1.pdf,127
04_MITRE_ATTACK_Overview1.pdf,128
04_MITRE_ATTACK_Overview1.pdf,129
04_MITRE_ATTACK_Overview1.pdf,130
04_MITRE_ATTACK_Overview1.pdf,131
04_MITRE_ATTACK_Overview1.pdf,132
04_MITRE_ATTACK_Overview1.pdf,133
04_MITRE_ATTACK_Overview1.pdf,134
04_MITRE_ATTACK_Overview1.pdf,135
04_MITRE_ATTACK_Overview1.pdf,136
04_MITRE_ATTACK_Overview1.pdf,137
04_MITRE_ATTACK_Overview1.pdf,138
04_MITRE_ATTACK_Overview1.pdf,139
04_MITRE_ATTACK_Overview1.pdf,140
04_MITRE_ATTACK_Overview1.pdf,141
04_MITRE_ATTACK_Overview1.pdf,142
04_MITRE_ATTACK_Overview1.pdf,143
04_MITRE_ATTACK_Overview1.pdf,144
04_MITRE_ATTACK_Overview1.pdf,145
04_MITRE_ATTACK_Overview1.pdf,146
04_MITRE_ATTACK_Overview2.pdf,0
04_MITRE_ATTACK_Overview2.pdf,1
04_MITRE_ATTACK_Overview2.pdf,2
04_MITRE_ATTACK_Overview2.pdf,3
04_MITRE_ATTACK_Overview2.pdf,4
04_MITRE_ATTACK_Overview2.pdf,5
04_MITRE_ATTACK_Overview2.pdf,6
04_MITRE_ATTACK_Overview2.pdf,7
04_MITRE_ATTACK_Overview2.pdf,8
04_MITRE_ATTACK_Overview2.pdf,9
04_MITRE_ATTACK_Overview3.pdf,0
04_MITRE_ATTACK_Overview3.pdf,1
04_MITRE_ATTACK_Overview3.pdf,2
04_MITRE_ATTACK_Overview3.pdf,3
04_MITRE_ATTACK_Overview3.pdf,4
04_MITRE_ATTACK_Overview3.pdf,5
04_MITRE_ATTACK_Overview3.pdf,6
04_MITRE_ATTACK_Overview3.pdf,7
04_MITRE_ATTACK_Overview3.pdf,8
04_MITRE_ATTACK_Overview3.pdf,9
04_MITRE_ATTACK_Overview3.pdf,10
04_MITRE_ATTACK_Overview3.pdf,11
04_MITRE_ATTACK_Overview3.pdf,12
04_MITRE_ATTACK_Overview3.pdf,13
04_MITRE_ATTACK_Overview3.pdf,14
04_MITRE_ATTACK_Overview3.pdf,15
04_MITRE_ATTACK_Overview3.pdf,16
04_MITRE_ATTACK_Overview3.pdf,17
04_MITRE_ATTACK_Overview3.pdf,18
04_MITRE_ATTACK_Overview3.pdf,19
04_MITRE_ATTACK_Overview3.pdf,20
04_MITRE_ATTACK_Overview3.pdf,21
04_MITRE_ATTACK_Overview3.pdf,22
04_MITRE_ATTACK_Overview3.pdf,23
04_MITRE_ATTACK_Overview3.pdf,24
04_MITRE_ATTACK_Overview3.pdf,25
04_MITRE_ATTACK_Overview3.pdf,26
04_MITRE_ATTACK_Overview3.pdf,27
04_MITRE_ATTACK_Overview3.pdf,28
04_MITRE_ATTACK_Overview3.pdf,29
04_MITRE_ATTACK_Overview3.pdf,30
04_MITRE_ATTACK_Overview3.pdf,31
04_MITRE_ATTACK_Overview3.pdf,32
04_MITRE_ATTACK_Overview3.pdf,33
04_MITRE_ATTACK_Overview3.pdf,34
04_MITRE_ATTACK_Overview3.pdf,35
04_MITRE_ATTACK_Overview3.pdf,36
04_MITRE_ATTACK_Overview3.pdf,37
04_MITRE_ATTACK_Overview3.pdf,38
04_MITRE_ATTACK_Overview3.pdf,39
04_MITRE_ATTACK_Overview3.pdf,40
04_MITRE_ATTACK_Overview3.pdf,41
04_MITRE_ATTACK_Overview3.pdf,42
04_MITRE_ATTACK_Overview3.pdf,43
04_MITRE_ATTACK_Overview3.pdf,44
04_MITRE_ATTACK_Overview3.pdf,45
04_MITRE_ATTACK_Overview3.pdf,46
04_MITRE_ATTACK_Overview3.pdf,47
04_MITRE_ATTACK_Overview3.pdf,48
04_MITRE_ATTACK_Overview3.pdf,49
04_MITRE_ATTACK_Overview3.pdf,50
04_MITRE_ATTACK_Overview3.pdf,51
04_MITRE_ATTACK_Overview3.pdf,52
04_MITRE_ATTACK_Overview3.pdf,53
04_MITRE_ATTACK_Overview3.pdf,54
04_MITRE_ATTACK_Overview3.pdf,55
04_MITRE_ATTACK_Overview3.pdf,56
04_MITRE_ATTACK_Overview3.pdf,57
04_MITRE_ATTACK_Overview3.pdf,58
04_MITRE_ATTACK_Overview3.pdf,59
04_MITRE_ATTACK_Overview3.pdf,60
04_MITRE_ATTACK_Overview3.pdf,61
04_MITRE_ATTACK_Overview3.pdf,62
04_MITRE_ATTACK_Overview3.pdf,63
04_MITRE_ATTACK_Overview3.pdf,64
04_MITRE_ATTACK_Overview3.pdf,65
04_MITRE_ATTACK_Overview4.pdf,0
04_MITRE_ATTACK_Overview4.pdf,1
04_MITRE_ATTACK_Overview4.pdf,2
04_MITRE_ATTACK_Overview4.pdf,3
04_MITRE_ATTACK_Overview4.pdf,4
04_MITRE_ATTACK_Overview4.pdf,5
04_MITRE_ATTACK_Overview4.pdf,6
04_MITRE_ATTACK_Overview4.pdf,7
04_MITRE_ATTACK_Overview4.pdf,8
04_MITRE_ATTACK_Overview4.pdf,9
04_MITRE_ATTACK_Overview4.pdf,10
04_MITRE_ATTACK_Overview4.pdf,11
04_MITRE_ATTACK_Overview4.pdf,12
04_MITRE_ATTACK_Overview4.pdf,13
04_MITRE_ATTACK_Overview4.pdf,14
04_MITRE_ATTACK_Overview4.pdf,15
04_MITRE_ATTACK_Overview4.pdf,16
04_MITRE_ATTACK_Overview4.pdf,17
04_MITRE_ATTACK_Overview4.pdf,18
04_MITRE_ATTACK_Overview4.pdf,19
04_MITRE_ATTACK_Overview4.pdf,20
04_MITRE_ATTACK_Overview4.pdf,21
04_MITRE_ATTACK_Overview4.pdf,22
04_MITRE_ATTACK_Overview4.pdf,23
04_MITRE_ATTACK_Overview4.pdf,24
04_MITRE_ATTACK_Overview4.pdf,25
04_MITRE_ATTACK_Overview4.pdf,26
04_MITRE_ATTACK_Overview4.pdf,27
04_MITRE_ATTACK_Overview4.pdf,28
04_MITRE_ATTACK_Overview4.pdf,29
04_MITRE_ATTACK_Overview4.pdf,30
04_MITRE_ATTACK_Overview4.pdf,31
04_MITRE_ATTACK_Overview4.pdf,32
04_MITRE_ATTACK_Overview4.pdf,33
04_MITRE_ATTACK_Overview4.pdf,34
04_MITRE_ATTACK_Overview4.pdf,35
04_MITRE_ATTACK_Overview4.pdf,36
04_MITRE_ATTACK_Overview4.pdf,37
04_MITRE_ATTACK_Overview4.pdf,38
04_MITRE_ATTACK_Overview4.pdf,39
04_MITRE_ATTACK_Overview4.pdf,40
04_MITRE_ATTACK_Overview4.pdf,41
04_MITRE_ATTACK_Overview4.pdf,42
04_MITRE_ATTACK_Overview4.pdf,43
04_MITRE_ATTACK_Overview4.pdf,44
04_MITRE_ATTACK_Overview4.pdf,45
04_MITRE_ATTACK_Overview4.pdf,46
04_MITRE_ATTACK_Overview4.pdf,47
04_MITRE_ATTACK_Overview4.pdf,48
04_MITRE_ATTACK_Overview4.pdf,49
04_MITRE_ATTACK_Overview4.pdf,50
04_MITRE_ATTACK_Overview4.pdf,51
04_MITRE_ATTACK_Overview4.pdf,52
04_MITRE_ATTACK_Overview4.pdf,53
04_MITRE_ATTACK_Overview4.pdf,54
04_MITRE_ATTACK_Overview4.pdf,55
04_MITRE_ATTACK_Overview4.pdf,56
04_MITRE_ATTACK_Overview4.pdf,57
04_MITRE_ATTACK_Overview4.pdf,58
04_MITRE_ATTACK_Overview4.pdf,59
04_MITRE_ATTACK_Overview4.pdf,60
04_MITRE_ATTACK_Overview4.pdf,61
04_MITRE_ATTACK_Overview4.pdf,62
04_MITRE_ATTACK_Overview4.pdf,63
04_MITRE_ATTACK_Overview4.pdf,64
04_MITRE_ATTACK_Overview4.pdf,65
04_MITRE_ATTACK_Overview4.pdf,66
04_MITRE_ATTACK_Overview4.pdf,67
04_MITRE_ATTACK_Overview4.pdf,68
04_MITRE_ATTACK_Overview4.pdf,69
04_MITRE_ATTACK_Overview4.pdf,70
04_MITRE_ATTACK_Overview4.pdf,71
04_MITRE_ATTACK_Overview4.pdf,72
04_MITRE_ATTACK_Overview4.pdf,73
04_MITRE_ATTACK_Overview4.pdf,74
04_MITRE_ATTACK_Overview4.pdf,75
04_MITRE_ATTACK_Overview4.pdf,76
04_MITRE_ATTACK_Overview4.pdf,77
04_MITRE_ATTACK_Overview4.pdf,78
04_MITRE_ATTACK_Overview4.pdf,79
04_MITRE_ATTACK_Overview4.pdf,80
04_MITRE_ATTACK_Overview4.pdf,81
04_MITRE_ATTACK_Overview4.pdf,82
04_MITRE_ATTACK_Overview4.pdf,83
04_MITRE_ATTACK_Overview4.pdf,84
04_MITRE_ATTACK_Overview4.pdf,85
04_MITRE_ATTACK_Overview4.pdf,86
04_MITRE_ATTACK_Overview4.pdf,87
04_MITRE_ATTACK_Overview4.pdf,88
04_MITRE_ATTACK_Overview4.pdf,89
04_MITRE_ATTACK_Overview4.pdf,90
05_NIST_IncidentResponse.pdf,0
05_NIST_IncidentResponse.pdf,1
05_NIST_IncidentResponse.pdf,2
05_NIST_IncidentResponse.pdf,3
05_NIST_IncidentResponse.pdf,4
05_NIST_IncidentResponse.pdf,5
05_NIST_IncidentResponse.pdf,6
05_NIST_IncidentResponse.pdf,7
05_NIST_IncidentResponse.pdf,8
05_NIST_IncidentResponse.pdf,9
05_NIST_IncidentResponse.pdf,10
05_NIST_IncidentResponse.pdf,11
05_NIST_IncidentResponse.pdf,12
05_NIST_IncidentResponse.pdf,13
05_NIST_IncidentResponse.pdf,14
05_NIST_IncidentResponse.pdf,15
05_NIST_IncidentResponse.pdf,16
05_NIST_IncidentResponse.pdf,17
05_NIST_IncidentResponse.pdf,18
05_NIST_IncidentResponse.pdf,19
05_NIST_IncidentResponse.pdf,20
05_NIST_IncidentResponse.pdf,21
05_NIST_IncidentResponse.pdf,22
05_NIST_IncidentResponse.pdf,23
05_NIST_IncidentResponse.pdf,24
05_NIST_IncidentResponse.pdf,25
05_NIST_IncidentResponse.pdf,26
05_NIST_IncidentResponse.pdf,27
05_NIST_IncidentResponse.pdf,28
05_NIST_IncidentResponse.pdf,29
05_NIST_IncidentResponse.pdf,30
05_NIST_IncidentResponse.pdf,31
05_NIST_IncidentResponse.pdf,32
05_NIST_IncidentResponse.pdf,33
05_NIST_IncidentResponse.pdf,34
05_NIST_IncidentResponse.pdf,35
05_NIST_IncidentResponse.pdf,36
05_NIST_IncidentResponse.pdf,37
05_NIST_IncidentResponse.pdf,38
05_NIST_IncidentResponse.pdf,39
05_NIST_IncidentResponse.pdf,40
05_NIST_IncidentResponse.pdf,41
05_NIST_IncidentResponse.pdf,42
05_NIST_IncidentResponse.pdf,43
05_NIST_IncidentResponse.pdf,44
05_NIST_IncidentResponse.pdf,45
05_NIST_IncidentResponse.pdf,46
05_NIST_IncidentResponse.pdf,47
05_NIST_IncidentResponse.pdf,48
05_NIST_IncidentResponse.pdf,49
05_NIST_IncidentResponse.pdf,50
05_NIST_IncidentResponse.pdf,51
05_NIST_IncidentResponse.pdf,52
05_NIST_IncidentResponse.pdf,53
05_NIST_IncidentResponse.pdf,54
05_NIST_IncidentResponse.pdf,55
05_NIST_IncidentResponse.pdf,56
05_NIST_IncidentResponse.pdf,57
05_NIST_IncidentResponse.pdf,58
05_NIST_IncidentResponse.pdf,59
05_NIST_IncidentResponse.pdf,60
05_NIST_IncidentResponse.pdf,61
05_NIST_IncidentResponse.pdf,62
05_NIST_IncidentResponse.pdf,63
05_NIST_IncidentResponse.pdf,64
05_NIST_IncidentResponse.pdf,65
05_NIST_IncidentResponse.pdf,66
05_NIST_IncidentResponse.pdf,67
05_NIST_IncidentResponse.pdf,68
05_NIST_IncidentResponse.pdf,69
05_NIST_IncidentResponse.pdf,70
05_NIST_IncidentResponse.pdf,71
05_NIST_IncidentResponse.pdf,72
05_NIST_IncidentResponse.pdf,73
05_NIST_IncidentResponse.pdf,74
05_NIST_IncidentResponse.pdf,75
05_NIST_IncidentResponse.pdf,76
05_NIST_IncidentResponse.pdf,77
05_NIST_IncidentResponse.pdf,78
05_NIST_IncidentResponse.pdf,79
05_NIST_IncidentResponse.pdf,80
05_NIST_IncidentResponse.pdf,81
05_NIST_IncidentResponse.pdf,82
05_NIST_IncidentResponse.pdf,83
05_NIST_IncidentResponse.pdf,84
05_NIST_IncidentResponse.pdf,85
05_NIST_IncidentResponse.pdf,86
05_NIST_IncidentResponse.pdf,87
05_NIST_IncidentResponse.pdf,88
05_NIST_IncidentResponse.pdf,89
05_NIST_IncidentResponse.pdf,90
05_NIST_IncidentResponse.pdf,91
05_NIST_IncidentResponse.pdf,92
05_NIST_IncidentResponse.pdf,93
05_NIST_IncidentResponse.pdf,94
05_NIST_IncidentResponse.pdf,95
05_NIST_IncidentResponse.pdf,96
05_NIST_IncidentResponse.pdf,97
05_NIST_IncidentResponse.pdf,98
05_NIST_IncidentResponse.pdf,99
05_NIST_IncidentResponse.pdf,100
05_NIST_IncidentResponse.pdf,101
05_NIST_IncidentResponse.pdf,102
05_NIST_IncidentResponse.pdf,103
05_NIST_IncidentResponse.pdf,104
05_NIST_IncidentResponse.pdf,105
05_NIST_IncidentResponse.pdf,106
05_NIST_IncidentResponse.pdf,107
05_NIST_IncidentResponse.pdf,108
05_NIST_IncidentResponse.pdf,109
05_NIST_IncidentResponse.pdf,110
05_NIST_IncidentResponse.pdf,111
05_NIST_IncidentResponse.pdf,112
05_NIST_IncidentResponse.pdf,113
05_NIST_IncidentResponse.pdf,114
05_NIST_IncidentResponse.pdf,115
05_NIST_IncidentResponse.pdf,116
05_NIST_IncidentResponse.pdf,117
05_NIST_IncidentResponse.pdf,118
05_NIST_IncidentResponse.pdf,119
05_NIST_IncidentResponse.pdf,120
05_NIST_IncidentResponse.pdf,121
05_NIST_IncidentResponse.pdf,122
05_NIST_IncidentResponse.pdf,123
05_NIST_IncidentResponse.pdf,124
05_NIST_IncidentResponse.pdf,125
05_NIST_IncidentResponse.pdf,126
05_NIST_IncidentResponse.pdf,127
05_NIST_IncidentResponse.pdf,128
05_NIST_IncidentResponse.pdf,129
05_NIST_IncidentResponse.pdf,130
05_NIST_IncidentResponse.pdf,131
05_NIST_IncidentResponse.pdf,132
05_NIST_IncidentResponse.pdf,133
05_NIST_IncidentResponse.pdf,134
05_NIST_IncidentResponse.pdf,135
05_NIST_IncidentResponse.pdf,136
05_NIST_IncidentResponse.pdf,137
05_NIST_IncidentResponse.pdf,138
05_NIST_IncidentResponse.pdf,139
05_NIST_IncidentResponse.pdf,140
05_NIST_IncidentResponse.pdf,141
05_NIST_IncidentResponse.pdf,142
05_NIST_IncidentResponse.pdf,143
05_NIST_IncidentResponse.pdf,144
05_NIST_IncidentResponse.pdf,145
05_NIST_IncidentResponse.pdf,146
05_NIST_IncidentResponse.pdf,147
05_NIST_IncidentResponse.pdf,148
05_NIST_IncidentResponse.pdf,149
05_NIST_IncidentResponse.pdf,150
06_Linux_Security_CheatSheet.pdf,0
06_Linux_Security_CheatSheet.pdf,1
06_Linux_Security_CheatSheet.pdf,2
06_Linux_Security_CheatSheet.pdf,3
06_Linux_Security_CheatSheet.pdf,4
06_Linux_Security_CheatSheet.pdf,5
06_Linux_Security_CheatSheet.pdf,6
06_Linux_Security_CheatSheet.pdf,7
06_Linux_Security_CheatSheet.pdf,8
06_Linux_Security_CheatSheet.pdf,9
06_Linux_Security_CheatSheet.pdf,10
06_Linux_Security_CheatSheet.pdf,11
06_Linux_Security_CheatSheet.pdf,12
06_Linux_Security_CheatSheet.pdf,13
CIS_Controls_v8_Online.22.02.pdf,0
CIS_Controls_v8_Online.22.02.pdf,1
CIS_Controls_v8_Online.22.02.pdf,2
CIS_Controls_v8_Online.22.02.pdf,3
CIS_Controls_v8_Online.22.02.pdf,4
CIS_Controls_v8_Online.22.02.pdf,5
CIS_Controls_v8_Online.22.02.pdf,6
CIS_Controls_v8_Online.22.02.pdf,7
CIS_Controls_v8_Online.22.02.pdf,8
CIS_Controls_v8_Online.22.02.pdf,9
CIS_Controls_v8_Online.22.02.pdf,10
CIS_Controls_v8_Online.22.02.pdf,11
CIS_Controls_v8_Online.22.02.pdf,12
CIS_Controls_v8_Online.22.02.pdf,13
CIS_Controls_v8_Online.22.02.pdf,14
CIS_Controls_v8_Online.22.02.pdf,15
CIS_Controls_v8_Online.22.02.pdf,16
CIS_Controls_v8_Online.22.02.pdf,17
CIS_Controls_v8_Online.22.02.pdf,18
CIS_Controls_v8_Online.22.02.pdf,19
CIS_Controls_v8_Online.22.02.pdf,20
CIS_Controls_v8_Online.22.02.pdf,21
CIS_Controls_v8_Online.22.02.pdf,22
CIS_Controls_v8_Online.22.02.pdf,23
CIS_Controls_v8_Online.22.02.pdf,24
CIS_Controls_v8_Online.22.02.pdf,25
CIS_Controls_v8_Online.22.02.pdf,26
CIS_Controls_v8_Online.22.02.pdf,27
CIS_Controls_v8_Online.22.02.pdf,28
CIS_Controls_v8_Online.22.02.pdf,29
CIS_Controls_v8_Online.22.02.pdf,30
CIS_Controls_v8_Online.22.02.pdf,31
CIS_Controls_v8_Online.22.02.pdf,32
CIS_Controls_v8_Online.22.02.pdf,33
CIS_Controls_v8_Online.22.02.pdf,34
CIS_Controls_v8_Online.22.02.pdf,35
CIS_Controls_v8_Online.22.02.pdf,36
CIS_Controls_v8_Online.22.02.pdf,37
CIS_Controls_v8_Online.22.02.pdf,38
CIS_Controls_v8_Online.22.02.pdf,39
CIS_Controls_v8_Online.22.02.pdf,40
CIS_Controls_v8_Online.22.02.pdf,41
CIS_Controls_v8_Online.22.02.pdf,42
CIS_Controls_v8_Online.22.02.pdf,43
CIS_Controls_v8_Online.22.02.pdf,44
CIS_Controls_v8_Online.22.02.pdf,45
CIS_Controls_v8_Online.22.02.pdf,46
CIS_Controls_v8_Online.22.02.pdf,47
CIS_Controls_v8_Online.22.02.pdf,48
CIS_Controls_v8_Online.22.02.pdf,49
CIS_Controls_v8_Online.22.02.pdf,50
CIS_Controls_v8_Online.22.02.pdf,51
CIS_Controls_v8_Online.22.02.pdf,52
CIS_Controls_v8_Online.22.02.pdf,53
CIS_Controls_v8_Online.22.02.pdf,54
CIS_Controls_v8_Online.22.02.pdf,55
CIS_Controls_v8_Online.22.02.pdf,56
CIS_Controls_v8_Online.22.02.pdf,57
CIS_Controls_v8_Online.22.02.pdf,58
CIS_Controls_v8_Online.22.02.pdf,59
CIS_Controls_v8_Online.22.02.pdf,60
CIS_Controls_v8_Online.22.02.pdf,61
CIS_Controls_v8_Online.22.02.pdf,62
CIS_Controls_v8_Online.22.02.pdf,63
CIS_Controls_v8_Online.22.02.pdf,64
CIS_Controls_v8_Online.22.02.pdf,65
CIS_Controls_v8_Online.22.02.pdf,66
CIS_Controls_v8_Online.22.02.pdf,67
CIS_Controls_v8_Online.22.02.pdf,68
CIS_Controls_v8_Online.22.02.pdf,69
CIS_Controls_v8_Online.22.02.pdf,70
CIS_Controls_v8_Online.22.02.pdf,71
CIS_Controls_v8_Online.22.02.pdf,72
CIS_Controls_v8_Online.22.02.pdf,73
CIS_Controls_v8_Online.22.02.pdf,74
CIS_Controls_v8_Online.22.02.pdf,75
CIS_Controls_v8_Online.22.02.pdf,76
CIS_Controls_v8_Online.22.02.pdf,77
CIS_Controls_v8_Online.22.02.pdf,78
CIS_Controls_v8_Online.22.02.pdf,79
CIS_Controls_v8_Online.22.02.pdf,80
CIS_Controls_v8_Online.22.02.pdf,81
CIS_Controls_v8_Online.22.02.pdf,82
CIS_Controls_v8_Online.22.02.pdf,83
CIS_Controls_v8_Online.22.02.pdf,84
CIS_Controls_v8_Online.22.02.pdf,85
CIS_Controls_v8_Online.22.02.pdf,86
CIS_Controls_v8_Online.22.02.pdf,87
CIS_Controls_v8_Online.22.02.pdf,88
CIS_Controls_v8_Online.22.02.pdf,89
CIS_Controls_v8_Online.22.02.pdf,90
CIS_Controls_v8_Online.22.02.pdf,91
CIS_Controls_v8_Online.22.02.pdf,92
CIS_Controls_v8_Online.22.02.pdf,93
CIS_Controls_v8_Online.22.02.pdf,94
CIS_Controls_v8_Online.22.02.pdf,95
CIS_Controls_v8_Online.22.02.pdf,96
CIS_Controls_v8_Online.22.02.pdf,97
CIS_Controls_v8_Online.22.02.pdf,98
CIS_Controls_v8_Online.22.02.pdf,99
CIS_Controls_v8_Online.22.02.pdf,100
CIS_Controls_v8_Online.22.02.pdf,101
CIS_Controls_v8_Online.22.02.pdf,102
CIS_Controls_v8_Online.22.02.pdf,103
CIS_Controls_v8_Online.22.02.pdf,104
CIS_Controls_v8_Online.22.02.pdf,105
CIS_Controls_v8_Online.22.02.pdf,106
CIS_Controls_v8_Online.22.02.pdf,107
CIS_Controls_v8_Online.22.02.pdf,108
CIS_Controls_v8_Online.22.02.pdf,109
CIS_Controls_v8_Online.22.02.pdf,110
CIS_Controls_v8_Online.22.02.pdf,111
CIS_Controls_v8_Online.22.02.pdf,112
CIS_Controls_v8_Online.22.02.pdf,113
CIS_Controls_v8_Online.22.02.pdf,114
CIS_Controls_v8_Online.22.02.pdf,115
CIS_Controls_v8_Online.22.02.pdf,116
CIS_Controls_v8_Online.22.02.pdf,117
CIS_Controls_v8_Online.22.02.pdf,118
CIS_Controls_v8_Online.22.02.pdf,119
CIS_Controls_v8_Online.22.02.pdf,120
CIS_Controls_v8_Online.22.02.pdf,121
CIS_Controls_v8_Online.22.02.pdf,122
CIS_Controls_v8_Online.22.02.pdf,123
CIS_Controls_v8_Online.22.02.pdf,124
CIS_Controls_v8_Online.22.02.pdf,125
CIS_Controls_v8_Online.22.02.pdf,126
CIS_Controls_v8_Online.22.02.pdf,127
CIS_Controls_v8_Online.22.02.pdf,128
CIS_Controls_v8_Online.22.02.pdf,129
CIS_Controls_v8_Online.22.02.pdf,130
CIS_Controls_v8_Online.22.02.pdf,131
CIS_Controls_v8_Online.22.02.pdf,132
CIS_Controls_v8_Online.22.02.pdf,133
CIS_Controls_v8_Online.22.02.pdf,134
CIS_Controls_v8_Online.22.02.pdf,135
CIS_Controls_v8_Online.22.02.pdf,136
CIS_Controls_v8_Online.22.02.pdf,137
CIS_Controls_v8_Online.22.02.pdf,138
CIS_Controls_v8_Online.22.02.pdf,139
CIS_Controls_v8_Online.22.02.pdf,140
CIS_Controls_v8_Online.22.02.pdf,141
CIS_Controls_v8_Online.22.02.pdf,142
CIS_Controls_v8_Online.22.02.pdf,143
CIS_Controls_v8_Online.22.02.pdf,144
CIS_Controls_v8_Online.22.02.pdf,145
CIS_Controls_v8_Online.22.02.pdf,146
CIS_Controls_v8_Online.22.02.pdf,147
CIS_Controls_v8_Online.22.02.pdf,148
CIS_Controls_v8_Online.22.02.pdf,149
CIS_Controls_v8_Online.22.02.pdf,150
CIS_Controls_v8_Online.22.02.pdf,151
CIS_Controls_v8_Online.22.02.pdf,152
CIS_Controls_v8_Online.22.02.pdf,153
CIS_Controls_v8_Online.22.02.pdf,154
CIS_Controls_v8_Online.22.02.pdf,155
CIS_Controls_v8_Online.22.02.pdf,156
CIS_Controls_v8_Online.22.02.pdf,157
CIS_Controls_v8_Online.22.02.pdf,158
CIS_Controls_v8_Online.22.02.pdf,159
CIS_Controls_v8_Online.22.02.pdf,160
CIS_Controls_v8_Online.22.02.pdf,161
CIS_Controls_v8_Online.22.02.pdf,162
CIS_Controls_v8_Online.22.02.pdf,163
CIS_Controls_v8_Online.22.02.pdf,164
CIS_Controls_v8_Online.22.02.pdf,165
CIS_Controls_v8_Online.22.02.pdf,166
CIS_Controls_v8_Online.22.02.pdf,167
CIS_Controls_v8_Online.22.02.pdf,168
CIS_Controls_v8_Online.22.02.pdf,169
CIS_Controls_v8_Online.22.02.pdf,170
CIS_Controls_v8_Online.22.02.pdf,171
CIS_Controls_v8_Online.22.02.pdf,172
CIS_Controls_v8_Online.22.02.pdf,173
CIS_Controls_v8_Online.22.02.pdf,174
CIS_Controls_v8_Online.22.02.pdf,175
CIS_Controls_v8_Online.22.02.pdf,176
CIS_Controls_v8_Online.22.02.pdf,177
CIS_Controls_v8_Online.22.02.pdf,178
CIS_Controls_v8_Online.22.02.pdf,179
CIS_Controls_v8_Online.22.02.pdf,180
CIS_Controls_v8_Online.22.02.pdf,181
CIS_Controls_v8_Online.22.02.pdf,182
CIS_Controls_v8_Online.22.02.pdf,183
CIS_Controls_v8_Online.22.02.pdf,184
CIS_Controls_v8_Online.22.02.pdf,185
CIS_Controls_v8_Online.22.02.pdf,186
CIS_Controls_v8_Online.22.02.pdf,187
CIS_Controls_v8_Online.22.02.pdf,188
CIS_Controls_v8_Online.22.02.pdf,189
CIS_Controls_v8_Online.22.02.pdf,190
CIS_Controls_v8_Online.22.02.pdf,191
CIS_Controls_v8_Online.22.02.pdf,192
CIS_Controls_v8_Online.22.02.pdf,193
CIS_Controls_v8_Online.22.02.pdf,194
CIS_Controls_v8_Online.22.02.pdf,195
CIS_Controls_v8_Online.22.02.pdf,196
CIS_Controls_v8_Online.22.02.pdf,197
CIS_Controls_v8_Online.22.02.pdf,198
CIS_Controls_v8_Online.22.02.pdf,199
CIS_Controls_v8_Online.22.02.pdf,200
CIS_Controls_v8_Online.22.02.pdf,201
CIS_Controls_v8_Online.22.02.pdf,202
CIS_Controls_v8_Online.22.02.pdf,203
CIS_Controls_v8_Online.22.02.pdf,204
CIS_Controls_v8_Online.22.02.pdf,205
CIS_Controls_v8_Online.22.02.pdf,206
CIS_Controls_v8_Online.22.02.pdf,207
CIS_Controls_v8_Online.22.02.pdf,208
CIS_Controls_v8_Online.22.02.pdf,209
CIS_Controls_v8_Online.22.02.pdf,210
CIS_Controls_v8_Online.22.02.pdf,211
CIS_Controls_v8_Online.22.02.pdf,212
CIS_Controls_v8_Online.22.02.pdf,213
CIS_Controls_v8_Online.22.02.pdf,214
CIS_Controls_v8_Online.22.02.pdf,215
CIS_Controls_v8_Online.22.02.pdf,216
CIS_Controls_v8_Online.22.02.pdf,217
CIS_Controls_v8_Online.22.02.pdf,218
CIS_Controls_v8_Online.22.02.pdf,219
CIS_Controls_v8_Online.22.02.pdf,220
CIS_Controls_v8_Online.22.02.pdf,221
CIS_Controls_v8_Online.22.02.pdf,222
CIS_Controls_v8_Online.22.02.pdf,223
CIS_Controls_v8_Online.22.02.pdf,224
CIS_Controls_v8_Online.22.02.pdf,225
CIS_Controls_v8_Online.22.02.pdf,226
CIS_Controls_v8_Online.22.02.pdf,227
CIS_Controls_v8_Online.22.02.pdf,228
CIS_Controls_v8_Online.22.02.pdf,229
CIS_Controls_v8_Online.22.02.pdf,230
CIS_Controls_v8_Online.22.02.pdf,231
CIS_Controls_v8_Online.22.02.pdf,232
CIS_Controls_v8_Online.22.02.pdf,233
CIS_Controls_v8_Online.22.02.pdf,234
CIS_Controls_v8_Online.22.02.pdf,235
CIS_Controls_v8_Online.22.02.pdf,236
CIS_Controls_v8_Online.22.02.pdf,237
CIS_Controls_v8_Online.22.02.pdf,238
CIS_Controls_v8_Online.22.02.pdf,239
CIS_Controls_v8_Online.22.02.pdf,240
CIS_Controls_v8_Online.22.02.pdf,241
CIS_Controls_v8_Online.22.02.pdf,242
CIS_Controls_v8_Online.22.02.pdf,243
CIS_Controls_v8_Online.22.02.pdf,244
CIS_Controls_v8_Online.22.02.pdf,245
CIS_Controls_v8_Online.22.02.pdf,246
CIS_Controls_v8_Online.22.02.pdf,247
CIS_Controls_v8_Online.22.02.pdf,248
CIS_Controls_v8_Online.22.02.pdf,249
CIS_Controls_v8_Online.22.02.pdf,250
CIS_Controls_v8_Online.22.02.pdf,251
CIS_Controls_v8_Online.22.02.pdf,252
CIS_Controls_v8_Online.22.02.pdf,253
CIS_Controls_v8_Online.22.02.pdf,254
CIS_Controls_v8_Online.22.02.pdf,255
CIS_Controls_v8_Online.22.02.pdf,256
CIS_Controls_v8_Online.22.02.pdf,257
CIS_Controls_v8_Online.22.02.pdf,258
CIS_Controls_v8_Online.22.02.pdf,259
CIS_Controls_v8_Online.22.02.pdf,260
CIS_Controls_v8_Online.22.02.pdf,261
CIS_Controls_v8_Online.22.02.pdf,262
CIS_Controls_v8_Online.22.02.pdf,263
CIS_Controls_v8_Online.22.02.pdf,264
CIS_Controls_v8_Online.22.02.pdf,265
CIS_Controls_v8_Online.22.02.pdf,266
CIS_Controls_v8_Online.22.02.pdf,267
CIS_Controls_v8_Online.22.02.pdf,268
CIS_Controls_v8_Online.22.02.pdf,269
CIS_Controls_v8_Online.22.02.pdf,270
CIS_Controls_v8_Online.22.02.pdf,271
CIS_Controls_v8_Online.22.02.pdf,272
CIS_Controls_v8_Online.22.02.pdf,273
CIS_Controls_v8_Online.22.02.pdf,274
CIS_Controls_v8_Online.22.02.pdf,275
CIS_Controls_v8_Online.22.02.pdf,276
CIS_Controls_v8_Online.22.02.pdf,277
CIS_Controls_v8_Online.22.02.pdf,278
CIS_Controls_v8_Online.22.02.pdf,279
CIS_Controls_v8_Online.22.02.pdf,280
CIS_Controls_v8_Online.22.02.pdf,281
CIS_Controls_v8_Online.22.02.pdf,282
CIS_Controls_v8_Online.22.02.pdf,283
CIS_Controls_v8_Online.22.02.pdf,284
CIS_Controls_v8_Online.22.02.pdf,285
CIS_Controls_v8_Online.22.02.pdf,286
CIS_Controls_v8_Online.22.02.pdf,287
CIS_Controls_v8_Online.22.02.pdf,288
CIS_Controls_v8_Online.22.02.pdf,289
CIS_Controls_v8_Online.22.02.pdf,290
CIS_Controls_v8_Online.22.02.pdf,291
CIS_Controls_v8_Online.22.02.pdf,292
CIS_Controls_v8_Online.22.02.pdf,293
CIS_Controls_v8_Online.22.02.pdf,294
CIS_Controls_v8_Online.22.02.pdf,295
CIS_Controls_v8_Online.22.02.pdf,296
CIS_Controls_v8_Online.22.02.pdf,297
CIS_Controls_v8_Online.22.02.pdf,298
CIS_Controls_v8_Online.22.02.pdf,299
CIS_Controls_v8_Online.22.02.pdf,300
CIS_Controls_v8_Online.22.02.pdf,301
CIS_Controls_v8_Online.22.02.pdf,302
CIS_Controls_v8_Online.22.02.pdf,303
CIS_Controls_v8_Online.22.02.pdf,304
CIS_Controls_v8_Online.22.02.pdf,305
CIS_Controls_v8_Online.22.02.pdf,306
CIS_Controls_v8_Online.22.02.pdf,307
CIS_Controls_v8_Online.22.02.pdf,308
CIS_Controls_v8_Online.22.02.pdf,309
CIS_Controls_v8_Online.22.02.pdf,310
CIS_Controls_v8_Online.22.02.pdf,311
CIS_Controls_v8_Online.22.02.pdf,312
CIS_Controls_v8_Online.22.02.pdf,313
CIS_Controls_v8_Online.22.02.pdf,314
CIS_Controls_v8_Online.22.02.pdf,315
CIS_Controls_v8_Online.22.02.pdf,316
CIS_Controls_v8_Online.22.02.pdf,317
CIS_Controls_v8_Online.22.02.pdf,318
CIS_Controls_v8_Online.22.02.pdf,319
CIS_Controls_v8_Online.22.02.pdf,320
CIS_Controls_v8_Online.22.02.pdf,321
CIS_Controls_v8_Online.22.02.pdf,322
CIS_Controls_v8_Online.22.02.pdf,323
CIS_Controls_v8_Online.22.02.pdf,324
CIS_Controls_v8_Online.22.02.pdf,325
CIS_Controls_v8_Online.22.02.pdf,326
CIS_Controls_v8_Online.22.02.pdf,327
